{"loss": [0.15955340436526708], "accuracy": [0.9485358595848083], "val_loss": [0.08503999250630538], "val_accuracy": [0.9802391529083252]}